"ALZ1_SCORE","ALZ2_SCORE","ALZ3_SCORE","ALZ4_SCORE","ALZ5_SCORE","ASD1_SCORE","ASD2_SCORE","ASD3_SCORE","ASD4_SCORE","ASD5_SCORE","BIP1_SCORE","BIP2_SCORE","BIP3_SCORE","BIP4_SCORE","BIP5_SCORE","COG1_SCORE","COG2_SCORE","COG3_SCORE","COG4_SCORE","COG5_SCORE","NEU1_SCORE","NEU2_SCORE","NEU3_SCORE","NEU4_SCORE","NEU5_SCORE","rs10786831_A","rs11210072_G","rs11743103_C","rs12065553_G","rs12264955_A","rs12552_A","rs1714521_C","rs2125716_A","rs2273085_A","rs2815752_G","rs301806_G","rs34320_A","rs6476606_A","rs668644_A","rs6732310_A","rs7044150_A","rs7647854_G","SCZ1_SCORE","SCZ2_SCORE","SCZ3_SCORE","SCZ4_SCORE","SCZ5_SCORE","SEX","XDO1_SCORE","XDO2_SCORE","XDO3_SCORE","XDO4_SCORE","XDO5_SCORE"
0.319982206183995,0.0150678397994921,0.227200038136253,0.068335480890987,0.0366211446599703,0.108097570049994,0.228998846657044,-0.00820615158190447,0.230800490039611,0.265093725224699,0.576762407882073,0.284907459054433,0.0837380837147413,0.059709690372584,0.175525393787465,0.0565332218037488,-0.232429321385155,-0.0126484446568551,0.0690796513429998,-0.035139198506493,-0.0554656854538939,0.777422040264808,0.358014737800054,0.5783505768446,0.0962143009922241,-0.310029635257991,-0.140979596018244,-0.21021981446854,0.00467773397750227,-0.124252055783607,-0.185083124960026,0.0375591907180024,0.391500783465047,0.0691277179757573,-0.327530839476717,0.277124701941659,-0.185742224253364,-0.0904719509220245,0.294532898626874,-0.240692131954866,-0.130258076945757,0.912111701883068,-0.0439135596649144,0.0417670028583723,0.0321498699857714,-0.0317233352047257,-0.0482879013038348,-0.46180872802342,0.00730194999730699,-0.0422728190524753,0.278458975518326,0.232605695917507,0.293861719433522
150,326,171,283,305,245,181,358,136,129,70,136,281,294,205,269,472,369,289,368,340,27,106,35,234,432,335,373,243,318,386,209,64,195,431,116,356,291,96,381,328,24,374,294,313,377,399,473,332,391,141,172,128
0.3,0.652,0.342,0.566,0.61,0.49,0.362,0.716,0.272,0.258,0.14,0.272,0.562,0.588,0.41,0.538,0.944,0.738,0.578,0.736,0.68,0.054,0.212,0.07,0.468,0.864,0.67,0.746,0.486,0.636,0.772,0.418,0.128,0.39,0.862,0.232,0.712,0.582,0.192,0.762,0.656,0.048,0.748,0.588,0.626,0.754,0.798,0.946,0.664,0.782,0.282,0.344,0.256
