"ALZ1_SCORE","ALZ2_SCORE","ALZ3_SCORE","ALZ4_SCORE","ALZ5_SCORE","ASD1_SCORE","ASD2_SCORE","ASD3_SCORE","ASD4_SCORE","ASD5_SCORE","BIP1_SCORE","BIP2_SCORE","BIP3_SCORE","BIP4_SCORE","BIP5_SCORE","COG1_SCORE","COG2_SCORE","COG3_SCORE","COG4_SCORE","COG5_SCORE","NEU1_SCORE","NEU2_SCORE","NEU3_SCORE","NEU4_SCORE","NEU5_SCORE","rs10786831_A","rs11210072_G","rs11743103_C","rs12065553_G","rs12264955_A","rs12552_A","rs1714521_C","rs2125716_A","rs2273085_A","rs2815752_G","rs301806_G","rs34320_A","rs6476606_A","rs668644_A","rs6732310_A","rs7044150_A","rs7647854_G","SCZ1_SCORE","SCZ2_SCORE","SCZ3_SCORE","SCZ4_SCORE","SCZ5_SCORE","SEX","XDO1_SCORE","XDO2_SCORE","XDO3_SCORE","XDO4_SCORE","XDO5_SCORE"
0.591361602576483,0.485010503307234,1.0334209629951,0.993615900309261,0.874416931030155,0.717944439687282,0.938456165519243,1.17379622644647,1.21455711813495,1.35650830340845,0.918627094755228,1.59761525373829,0.80427700670758,0.82623803878044,0.970361511129735,0.46988933969151,0.115231236063615,0.35614306476935,0.461211876202557,0.207304891458218,0.643238753454607,1.54012989570768,0.61598502283882,1.89738467494506,1.63823689952397,-0.220742961189496,-0.0686701339123224,-0.112878054303658,-0.0645571004903712,-0.0141417920524293,-0.229365523901549,0.0495918585838209,0.00730407988379105,-0.0689370805363222,-0.289186740745131,0.172907165193977,-0.131735948445473,0.0693677349130301,0.038633235507784,-0.027405998715063,-0.140398508633024,0.0736804683001391,0.265182366243219,0.491249830006589,0.451768650985413,0.503426342713255,0.460151698765549,-0.149667771804819,0.65699256145253,0.474019921188433,1.50666564946624,0.969319732768948,1.10921303025219
173,310,171,185,196,127,169,130,119,73,133,70,240,267,216,186,404,375,353,415,128,33,246,18,41,378,264,308,271,214,414,174,213,261,429,127,317,162,175,237,324,144,359,395,426,413,420,389,204,371,114,266,222
0.346,0.62,0.342,0.37,0.392,0.254,0.338,0.26,0.238,0.146,0.266,0.14,0.48,0.534,0.432,0.372,0.808,0.75,0.706,0.83,0.256,0.066,0.492,0.036,0.082,0.756,0.528,0.616,0.542,0.428,0.828,0.348,0.426,0.522,0.858,0.254,0.634,0.324,0.35,0.474,0.648,0.288,0.718,0.79,0.852,0.826,0.84,0.778,0.408,0.742,0.228,0.532,0.444
