"ALZ1_SCORE","ALZ2_SCORE","ALZ3_SCORE","ALZ4_SCORE","ALZ5_SCORE","ASD1_SCORE","ASD2_SCORE","ASD3_SCORE","ASD4_SCORE","ASD5_SCORE","BIP1_SCORE","BIP2_SCORE","BIP3_SCORE","BIP4_SCORE","BIP5_SCORE","COG1_SCORE","COG2_SCORE","COG3_SCORE","COG4_SCORE","COG5_SCORE","NEU1_SCORE","NEU2_SCORE","NEU3_SCORE","NEU4_SCORE","NEU5_SCORE","rs10786831_A","rs11210072_G","rs11743103_C","rs12065553_G","rs12264955_A","rs12552_A","rs1714521_C","rs2125716_A","rs2273085_A","rs2815752_G","rs301806_G","rs34320_A","rs6476606_A","rs668644_A","rs6732310_A","rs7044150_A","rs7647854_G","SCZ1_SCORE","SCZ2_SCORE","SCZ3_SCORE","SCZ4_SCORE","SCZ5_SCORE","SEX","XDO1_SCORE","XDO2_SCORE","XDO3_SCORE","XDO4_SCORE","XDO5_SCORE"
19.7309,18.62265,18.3116,17.5722,16.69605,20.69085,19.45095,18.41385,18.13945,18.1212,19.3951,16.91105,16.7782,16.9688,17.02505,20.5999,18.4335,17.49675,17.04815,17.03695,19.71545,18.60495,17.87215,17.9861,18.75305,6.23187,6.077915,5.02083,5.350405,2.63901,5.94688,6.027675,4.996035,5.400465,6.32189,5.988325,6.11292,6.641555,6.073825,6.54676,5.731025,5.26743,18.4173,16.42505,15.48785,15.25265,15.34145,3.479675,20.45265,18.2341,17.70825,16.7871,16.574
348,180,100,85,377,232,50,124,18,25,433,485,434,159,182,243,305,351,308,318,451,350,436,113,34,127,188,446,409,204,243,276,292,383,39,274,202,1,331,13,361,39,326,361,458,434,431,321,130,104,124,100,205
0.696,0.36,0.2,0.17,0.754,0.464,0.1,0.248,0.036,0.05,0.866,0.97,0.868,0.318,0.364,0.486,0.61,0.702,0.616,0.636,0.902,0.7,0.872,0.226,0.068,0.254,0.376,0.892,0.818,0.408,0.486,0.552,0.584,0.766,0.078,0.548,0.404,0.002,0.662,0.026,0.722,0.078,0.652,0.722,0.916,0.868,0.862,0.642,0.26,0.208,0.248,0.2,0.41
